                                                                                                                                                                    ,,,SuperMarty project - Roadmap MVP,,,,,,,,,,,,,,,,,,,,,,,,,,,,,,,,,,,,,,,,,,,,
User story / task,,User story description,Project manager,Backend development,Frontend development,UI/UX design,Backend auto. testing,Frontend auto. testing,Technical (code) review,Performance testing,Security testing,Technical documentation,Total time,MVP,Backend auto. testing,Frontend auto. testing,Technical (code) review,Performance testing,Security testing,Technical documentation,Total Time,MMP,Backend auto. testing,Frontend auto. testing,Technical (code) review,Performance testing,Security testing,Technical documentation,Total Time,MLP,Backend auto. testing,Frontend auto. testing,Technical (code) review,Performance testing,Security testing,Technical documentation,Total Time,MAP,Estimated duriation,Backend req. delivery,Frontend req. delivery,Backend est. delivery,Frontend est. delivery,Estimated delivery date,Actual duration,Actual delivered date,Comment
,,Team communication & management activities,,,,,,,,,,,,,,,,,,,,,,,,,,,,,,,,,,,,,,,,,,,,,
,,"Daily Stand Up - Scrum Poker - Retrospective - Sprint Demos, Other meetings 20%",,,,,,,,,,,243.25,,,,,,,,18.56,,,,,,,,19.04,,,,,,,,19.52,,243.25,,,,,,360.31,,
,,Epic 0: Analysis and basic setups,,,,,,,,,,,,,,,,,,,,,,,,,,,,,,,,,,,,,,,,,,,,,
,,Analysis and Environment Setup,,,,,,,,,,,,,,,,,,,,,,,,,,,,,,,,,,,,,,,,,,,,,
Chore,,Onboarding the team members on the project	,10.00,20.00,20.00,0.00,0.00,0.00,4.80,0.40,0.00,0.80,56.00,TRUE,,,,,,,,FALSE,,,,,,,,FALSE,,,,,,,,FALSE,56.00,18/06/2025,20/06/2025,21/06/2025,22/06/2025,22/06/2025,41.91,26-12-2024,
Chore,,Review AlbertHeijn API scraper functions and APIs,0.00,12.00,0.00,0.00,0.00,0.00,1.44,0.12,0.00,0.24,13.80,TRUE,,,0.39,,,0.52,15.21,FALSE,,,0.52,,,0.78,15.60,FALSE,,,0.65,,,1.04,15.99,FALSE,13.80,19/06/2025,20/06/2025,24/06/2025,22/06/2025,24/06/2025,5,26-12-2024,
Chore,,Review Picnic API scraper and it's API end points,0.00,12.00,0.00,0.00,0.00,0.00,1.44,0.12,0.00,0.24,13.80,TRUE,,,0.36,,,0.48,14.04,FALSE,,,0.52,,,0.78,15.60,FALSE,,,0.65,,,1.04,15.99,FALSE,13.80,21/06/2025,20/06/2025,27/06/2025,22/06/2025,27/06/2025,5,26-12-2024,
Chore,,Review Jumbo web scraper and it's available APIs,0.00,12.00,0.00,0.00,0.00,0.00,1.44,0.12,0.00,0.24,13.80,TRUE,,,0.36,,,0.48,14.04,FALSE,,,0.52,,,0.78,15.60,FALSE,,,0.65,,,1.04,15.99,FALSE,13.80,22/06/2025,20/06/2025,30/06/2025,22/06/2025,30/06/2025,4.33,26-12-2024,
Chore,,Review plus web scraper and API end points,0.00,12.00,0.00,0.00,0.00,0.00,1.44,0.12,0.00,0.24,13.80,TRUE,,,0.36,,,0.48,14.04,FALSE,,,0.52,,,0.78,15.60,FALSE,,,0.65,,,1.04,15.99,FALSE,13.80,24/06/2025,20/06/2025,03/07/2025,22/06/2025,03/07/2025,4,26-12-2024,
Chore,,Technical budgeting strategy R&D to maintain the initial budget,2.00,20.00,20.00,0.00,0.00,0.00,4.80,0.40,0.00,0.80,48.00,TRUE,,,,,,,,FALSE,,,,,,,,FALSE,,,,,,,,FALSE,48.00,#REF!,#REF!,#REF!,#REF!,,32.56,26-12-2024,
Chore,,Prepare backend development repository,0.00,2.00,0.00,0.00,0.00,0.00,0.24,0.02,0.00,0.04,2.30,TRUE,,,0.06,,,0.08,2.34,FALSE,,,0.52,,,0.78,15.60,FALSE,,,0.65,,,1.04,15.99,FALSE,2.30,#REF!,#REF!,#REF!,#REF!,,0,,
Chore,,Basic setup of backend repository and its API doc structure,0.00,4.00,0.00,0.00,0.00,0.00,0.48,0.04,0.00,0.08,4.60,TRUE,0.40,0.00,0.12,0.08,0.04,0.16,5.20,FALSE,,,0.52,,,0.78,15.60,FALSE,,,0.65,,,1.04,15.99,FALSE,4.60,#REF!,#REF!,#REF!,#REF!,,0,,
Chore,,Basic setup of Android and IOS applications using Capacitor,0.00,0.00,8.00,0.00,0.00,0.00,0.96,0.08,0.00,0.16,9.20,TRUE,0.00,0.80,0.24,0.16,0.08,0.32,10.40,FALSE,,,0.52,,,0.78,15.60,FALSE,,,0.65,,,1.04,15.99,FALSE,9.20,16/06/2025,17/06/2025,16/06/2025,18/06/2025,18/06/2025,0,,
Chore,,Prepare UI/UX design system ,0.00,0.00,0.00,8.00,0.00,0.00,0.00,0.00,0.00,0.00,8.60,TRUE,,,,,,,,FALSE,,,,,,,,FALSE,,,,,,,,FALSE,8.60,#REF!,#REF!,#REF!,#REF!,,0,,
Chore,,Setting up project management infrastructure,5.00,0.00,0.00,0.00,0.00,0.00,0.00,0.00,0.00,0.00,5.60,TRUE,,,,,,,,FALSE,,,,,,,,FALSE,,,,,,,,FALSE,5.60,16/06/2025,17/06/2025,16/06/2025,18/06/2025,18/06/2025,0,19/12/2024,
December 29 to January 23 ,,"Epic 1 : Build the core system infrastructure, product aggregation, and admin panel basics.",,,,,,,,,,,,,,,,,,,,,,,,,,,,,,,,,,,,,,,,,,,,,
Sprint 1  - 29 Dec to Jan 9,,,,,,,,,,,,,,,,,,,,,,,,,,,,,,,,,,,,,,,,,,,,,,,
Chore,Must,"As a developer, I want to design the database structure",0.00,0.00,0.00,0.00,0.00,0.00,0.00,0.00,0.00,0.00,0.00,TRUE,,,0.72,,,0.96,28.08,FALSE,,,0.52,,,0.78,15.60,FALSE,,,0.65,,,1.04,15.99,FALSE,0.00,24/06/2025,20/06/2025,03/07/2025,22/06/2025,03/07/2025,6.85,09/01/2025,
Chore,Must,Deploy project on development server,0.00,8.00,0.00,0.00,0.00,0.00,0.96,0.08,0.00,0.16,8.45,TRUE,,,0.48,,,0.64,18.72,FALSE,,,0.52,,,0.78,15.60,FALSE,,,0.65,,,1.04,15.99,FALSE,8.45,16/06/2025,17/06/2025,18/06/2025,18/06/2025,18/06/2025,1.01,09/01/2025,
Chore,Must,As a DevOps engineer I want to set up project's infrastructure,0.00,8.00,0.00,0.00,0.00,0.00,0.96,0.08,0.00,0.16,9.20,TRUE,,,,,,,,FALSE,,,,,,,,FALSE,,,,,,,,FALSE,9.20,16/06/2025,17/06/2025,18/06/2025,18/06/2025,18/06/2025,6.01,09/01/2025,
Chore,Must,As [developer] I have to setup & dockerize a aggregator codebase,0.00,2.00,0.00,0.00,0.00,0.00,0.24,0.02,0.00,0.04,2.30,TRUE,,,,,,,,FALSE,,,,,,,,FALSE,,,,,,,,FALSE,2.30,16/06/2025,17/06/2025,16/06/2025,18/06/2025,18/06/2025,3,09/01/2025,
Feature,Must,"As an admin, I want to log in to the portal so that I can access and manage the system securely",1.40,7.00,0.00,0.00,0.00,0.00,0.84,0.07,0.00,0.14,9.45,TRUE,,,,,,,,FALSE,,,,,,,,FALSE,,,,,,,,FALSE,9.45,17/06/2025,17/06/2025,19/06/2025,18/06/2025,19/06/2025,2.71,09/01/2025,
Feature,Must,"As an admin, I want to set a password during my first login or after a reset so that I can securely access my account",0.00,,0.00,0.00,0.00,0.00,0.00,0.00,0.00,0.00,0.00,TRUE,,,,,,,,FALSE,,,,,,,,FALSE,,,,,,,,FALSE,0.00,17/06/2025,17/06/2025,19/06/2025,18/06/2025,19/06/2025,2.71,09/01/2025,
Feature,Should,"As an admin, I want to use the ""Forgot Password"" feature so that I can recover access to my account if I forget my credentials",0.00,,0.00,0.00,0.00,0.00,0.00,0.00,0.00,0.00,0.00,TRUE,,,,,,,,FALSE,,,,,,,,FALSE,,,,,,,,FALSE,0.00,17/06/2025,17/06/2025,19/06/2025,18/06/2025,19/06/2025,2.71,09/01/2025,
Feature,Must,"As an admin, I want to receive welcome and reset password emails so that I am guided through account setup or recovery",0.00,,0.00,0.00,0.00,0.00,0.00,0.00,0.00,0.00,0.00,TRUE,,,,,,,,FALSE,,,,,,,,FALSE,,,,,,,,FALSE,0.00,17/06/2025,17/06/2025,19/06/2025,18/06/2025,19/06/2025,2.71,09/01/2025,
Feature,Should,"As an admin, I want to log out of the portal so that I can ensure my account's security when leaving the session",0.00,,0.00,0.00,0.00,0.00,0.00,0.00,0.00,0.00,0.00,TRUE,,,,,,,,FALSE,,,,,,,,FALSE,,,,,,,,FALSE,0.00,17/06/2025,17/06/2025,19/06/2025,18/06/2025,19/06/2025,2.94,09/01/2025,
Chore,Must,"As a developer, I want to retrieve product data from supermarket APIs so that I can maintain an up-to-date product catalog.",0.00,24.00,0.00,0.00,0.00,0.00,2.88,0.24,0.00,0.48,27.60,TRUE,,,,,,,,FALSE,,,,,,,,FALSE,,,,,,,,FALSE,27.60,#REF!,#REF!,#REF!,#REF!,,49.92,09/01/2025,
Chore,Should,"As a system administrator, I want periodic data fetches to occur every 24 hours so that the database remains current without manual intervention.",0.00,8.00,0.00,0.00,0.00,0.00,0.96,0.08,0.00,0.16,9.20,TRUE,,,,,,,,FALSE,,,,,,,,FALSE,,,,,,,,FALSE,9.20,#REF!,#REF!,#REF!,#REF!,,1.01,09/01/2025,
Chore,Should,"As a developer, I want the system to respect API rate limits so that we comply with supermarket policies and avoid service interruptions.",0.00,4.00,0.00,0.00,0.00,0.00,0.48,0.04,0.00,0.08,4.60,TRUE,,,,,,,,FALSE,,,,,,,,FALSE,,,,,,,,FALSE,4.60,#REF!,#REF!,#REF!,#REF!,,1.01,09/01/2025,
Feature,Must,"As an admin, I want to create a new category so that I can organize items effectively",1.00,5.00,0.00,0.00,0.00,0.00,0.60,0.05,0.00,0.10,6.75,TRUE,,,,,,,,FALSE,,,,,,,,FALSE,,,,,,,,FALSE,6.75,#REF!,#REF!,#REF!,#REF!,,3.71,09/01/2025,
Feature,Must,"As an admin, I want to view all categories in a list or grid so that I can understand the current structure",0.60,3.00,0.00,0.00,0.00,0.00,0.36,0.03,0.00,0.06,4.05,TRUE,,,,,,,,FALSE,,,,,,,,FALSE,,,,,,,,FALSE,4.05,#REF!,#REF!,#REF!,#REF!,,3.71,09/01/2025,
Feature,Must,"As an admin, I want to create a new label so that I can tag and identify items more effectively. ",0.60,3.00,0.00,0.00,0.00,0.00,0.36,0.03,0.00,0.06,4.05,TRUE,,,,,,,,FALSE,,,,,,,,FALSE,,,,,,,,FALSE,4.05,18/06/2025,17/06/2025,20/06/2025,18/06/2025,20/06/2025,2.49,09/01/2025,
Feature,Must,"As an admin, I want to view all labels in a list or grid so that I can see which labels are available.",1.00,5.00,0.00,0.00,0.00,0.00,0.60,0.05,0.00,0.10,6.75,TRUE,,,,,,,,FALSE,,,,,,,,FALSE,,,,,,,,FALSE,6.75,#REF!,#REF!,#REF!,#REF!,,1.71,09/01/2025,
Feature,Should,"As an admin, I want to edit existing labels so that I can correct errors or update their attributes.",0.40,2.00,0.00,0.00,0.00,0.00,0.24,0.02,0.00,0.04,2.70,TRUE,,,,,,,,FALSE,,,,,,,,FALSE,,,,,,,,FALSE,2.70,#REF!,#REF!,#REF!,#REF!,,1.71,09/01/2025,
Feature,Could,"As an admin, I want to delete a label so that I can remove outdated or unused labels from the system",0.60,3.00,0.00,0.00,0.00,0.00,0.36,0.03,0.00,0.06,4.05,TRUE,,,,,,,,FALSE,,,,,,,,FALSE,,,,,,,,FALSE,4.05,#REF!,#REF!,#REF!,#REF!,,1.71,09/01/2025,
Feature,Could,"As an admin, I want to search for specific labels by name or keyword so that I can locate them efficiently",0.60,3.00,0.00,0.00,0.00,0.00,0.36,0.03,0.00,0.06,4.05,TRUE,,,,,,,,FALSE,,,,,,,,FALSE,,,,,,,,FALSE,4.05,18/06/2025,17/06/2025,21/06/2025,18/06/2025,21/06/2025,1.71,09/01/2025,
Feature,Should,"As an admin, I want to edit existing categories so that I can update their names or attributes as needed",0.80,4.00,0.00,0.00,0.00,0.00,0.48,0.04,0.00,0.08,5.40,TRUE,,,,,,,,FALSE,,,,,,,,FALSE,,,,,,,,FALSE,5.40,#REF!,#REF!,#REF!,#REF!,,3.71,09/01/2025,
Feature,Could,"As an admin, I want to search for specific categories by name or keyword so that I can find them quickly",0.40,2.00,0.00,0.00,0.00,0.00,0.24,0.02,0.00,0.04,2.70,TRUE,,,,,,,,FALSE,,,,,,,,FALSE,,,,,,,,FALSE,2.70,#REF!,#REF!,#REF!,#REF!,,2.24,09/01/2025,
Feature,Could,"As an admin, I want to delete a category so that I can remove unused or irrelevant ones from the system",0.80,4.00,0.00,0.00,0.00,0.00,0.48,0.04,0.00,0.08,5.40,TRUE,,,,,,,,FALSE,,,,,,,,FALSE,,,,,,,,FALSE,5.40,#REF!,#REF!,#REF!,#REF!,,4.71,09/01/2025,
Chore,Must,As a developer I want to prepare the development environment,,1.00,,,,,,,,,,TRUE,,,,,,,,FALSE,,,,,,,,FALSE,,,,,,,,FALSE,,,,,,,1,,
Sprint 2 - 12 Jan to 23 Jan,,,,,,,,,,,,,,,,,,,,,,,,,,,,,,,,,,,,,,,,,,,,,,,
Chore,Must,Implement cron jobs to fetch and update data in develop environment,0.00,,0.00,0.00,0.00,0.00,0.00,0.00,0.00,0.00,0.00,TRUE,,,0.36,,,0.48,14.04,FALSE,,,0.52,,,0.78,15.60,FALSE,,,0.65,,,1.04,15.99,FALSE,0.00,24/06/2025,20/06/2025,03/07/2025,22/06/2025,03/07/2025,1.91,23/01/2025,
Chore,Must,We need to map and sync captured data from aggregators to supermarty,0.00,,0.00,0.00,0.00,0.00,0.00,0.00,0.00,0.00,0.00,TRUE,,,0.36,,,0.48,14.04,FALSE,,,0.52,,,0.78,15.60,FALSE,,,0.65,,,1.04,15.99,FALSE,0.00,24/06/2025,20/06/2025,03/07/2025,22/06/2025,03/07/2025,6.66,23/01/2025,
Chore,Must,"As a developer, I want an automated process to relate the market products in different supermarkets to the corresponding system products in the system",0.00,12.00,0.00,0.00,0.00,0.00,1.44,0.12,0.00,0.24,13.80,TRUE,,,,,,,,FALSE,,,,,,,,FALSE,,,,,,,,FALSE,13.80,#REF!,#REF!,#REF!,#REF!,,5.94,23/01/2025,
Feature,Must,"As an admin, I want to create a new system product so that I can add new products to the system. ",1.00,5.00,0.00,0.00,0.00,0.00,0.60,0.05,0.00,0.10,6.75,TRUE,,,,,,,,FALSE,,,,,,,,FALSE,,,,,,,,FALSE,6.75,#REF!,#REF!,#REF!,#REF!,,2.61,23/01/2025,
Feature,Must,"As an admin, I want to publish or unpublish system products so that I can control what is visible to end users.",0.40,2.00,0.00,0.00,0.00,0.00,0.24,0.02,0.00,0.04,2.70,TRUE,,,,,,,,FALSE,,,,,,,,FALSE,,,,,,,,FALSE,2.70,#REF!,#REF!,#REF!,#REF!,,3.13,09/01/2025,
Feature,Should,"As an admin, I want to search for products by name or tags so that I can quickly find specific items in the system.",0.20,1.00,0.00,0.00,0.00,0.00,0.12,0.01,0.00,0.02,1.35,TRUE,,,,,,,,FALSE,,,,,,,,FALSE,,,,,,,,FALSE,1.35,#REF!,#REF!,#REF!,#REF!,,2.61,09/01/2025,
Feature,Must,"As an admin, I want to view a list of system products so that I can monitor and manage product data efficiently.",0.40,2.00,0.00,0.00,0.00,0.00,0.24,0.02,0.00,0.04,2.70,TRUE,,,,,,,,FALSE,,,,,,,,FALSE,,,,,,,,FALSE,2.70,#REF!,#REF!,#REF!,#REF!,,5.52,09/01/2025,
Feature,Could,"As an admin, I want to filter categories based on certain criteria (e.g., status, type) so that I can narrow down the results",0.20,1.00,0.00,0.00,0.00,0.00,0.12,0.01,0.00,0.02,1.35,TRUE,,,,,,,,FALSE,,,,,,,,FALSE,,,,,,,,FALSE,1.35,24/06/2025,20/06/2025,03/07/2025,22/06/2025,03/07/2025,2.61,23-1-2025,
Feature,Should,"As a user, I want to see similar products grouped together so that I can choose the best option easily.",1.00,5.00,0.00,0.00,0.00,0.00,0.60,0.05,0.00,0.10,6.75,TRUE,,,,,,,,FALSE,,,,,,,,FALSE,,,,,,,,FALSE,6.75,#REF!,#REF!,#REF!,#REF!,,2.61,23-1-2025,
Feature,Could,"As an admin, I want to filter products by various attributes so that I can refine the product list for specific management tasks.",0.20,1.00,0.00,0.00,0.00,0.00,0.12,0.01,0.00,0.02,1.35,TRUE,,,,,,,,FALSE,,,,,,,,FALSE,,,,,,,,FALSE,1.35,24/06/2025,20/06/2025,03/07/2025,22/06/2025,03/07/2025,2.61,23-1-2025,
Feature,Should,"As a user, I want prices to be displayed in a standard format (e.g., price per kg and total price) so that I can compare products easily.",2.40,12.00,0.00,0.00,0.00,0.00,1.44,0.12,0.00,0.24,16.20,TRUE,,,,,,,,FALSE,,,,,,,,FALSE,,,,,,,,FALSE,16.20,26/06/2025,20/06/2025,06/07/2025,22/06/2025,06/07/2025,6.44,23-1-2025,
Feature,Should,"As a user, I want product weights to be standardized (e.g., grams, liters) so that I can easily understand and compare the quantities of different items.",0.80,4.00,0.00,0.00,0.00,0.00,0.48,0.04,0.00,0.08,5.40,TRUE,,,,,,,,FALSE,,,,,,,,FALSE,,,,,,,,FALSE,5.40,#REF!,#REF!,#REF!,#REF!,,8.56,23-1-2025,
Feature,Could,"As an admin, I want to filter labels based on certain criteria (e.g., type, associated categories) so that I can refine the results",0.20,1.00,0.00,0.00,0.00,0.00,0.12,0.01,0.00,0.02,1.35,TRUE,,,,,,,,FALSE,,,,,,,,FALSE,,,,,,,,FALSE,1.35,18/06/2025,17/06/2025,21/06/2025,18/06/2025,21/06/2025,2.61,23-1-2025,
Chore,Must,"Jumbo | As a developer, I want to retrieve product data from supermarket APIs so that I can maintain an up-to-date product catalog.",0.00,8.00,0.00,0.00,0.00,0.00,0.96,0.08,0.00,0.16,9.20,TRUE,,,,,,,,FALSE,,,,,,,,FALSE,,,,,,,,FALSE,9.20,19/06/2025,17/06/2025,23/06/2025,18/06/2025,23/06/2025,14.93,23-1-2025,
Chore,Must,"As a user, I want nutritional information to be standardized so that I can make informed choices about my purchases.",0.00,12.00,0.00,0.00,0.00,0.00,1.44,0.12,0.00,0.24,13.80,TRUE,,,,,,,,FALSE,,,,,,,,FALSE,,,,,,,,FALSE,13.80,20/06/2025,17/06/2025,24/06/2025,18/06/2025,24/06/2025,7.83,23-1-2025,
Chore,Should,As [developer] I have to refactor aggregation services & make them more safe in which times that might be error happened,0.00,12.00,0.00,0.00,0.00,0.00,1.44,0.12,0.00,0.24,13.80,TRUE,,,,,,,,FALSE,,,,,,,,FALSE,,,,,,,,FALSE,13.80,20/06/2025,17/06/2025,24/06/2025,18/06/2025,24/06/2025,3.61,23-1-2025,
January 26 to February 20,,"Epic 2: Meal management, Bag management, Categories page for users, Product list for users, Product single page for users, Authentication, Bags for users, meals for users",,,,,,,,,,,,,,,,,,,,,,,,,,,,,,,,,,,,,,,,,,,,,
Sprint 3 - Jan 26 to Feb 6,,,,,,,,,,,,,,,,,,,,,,,,,,,,,,,,,,,,,,,,,,,,,255.44,,
Feature,Must,"As a team member, I want to implement feedback from the previous epic so that the product aligns with stakeholder expectations and enhances user satisfaction.",3.20,16.00,0.00,0.00,0.00,0.00,1.92,0.16,0.00,0.32,21.60,TRUE,,,,,,,,FALSE,,,,,,,,FALSE,,,,,,,,FALSE,21.60,22/06/2025,17/06/2025,28/06/2025,18/06/2025,28/06/2025,,17-2-2025,
Chore,Must,"As a DevOps, I want to set up the frontend infrastructure so that the project has a scalable and maintainable foundation",0.00,4.00,0.00,0.00,0.00,0.00,0.48,0.04,0.00,0.08,4.60,TRUE,,,,,,,,FALSE,,,,,,,,FALSE,,,,,,,,FALSE,4.60,22/06/2025,17/06/2025,29/06/2025,18/06/2025,29/06/2025,,17-2-2025,
Feature,Must,"As an admin, I want to have an overview of all bags so that I can monitor and manage their contents effectively.",0.60,3.00,0.00,0.00,0.00,0.00,0.36,0.03,0.00,0.06,4.05,TRUE,,,,,,,,FALSE,,,,,,,,FALSE,,,,,,,,FALSE,4.05,22/06/2025,17/06/2025,30/06/2025,18/06/2025,30/06/2025,,17-2-2025,
Feature,Must,"As an admin, I want to add new bags so that I can include additional inventory into the system.",1.60,8.00,0.00,0.00,0.00,0.00,0.96,0.08,0.00,0.16,10.80,TRUE,,,,,,,,FALSE,,,,,,,,FALSE,,,,,,,,FALSE,10.80,23/06/2025,17/06/2025,02/07/2025,18/06/2025,02/07/2025,,17-2-2025,
Feature,Should,"As an admin, I want to edit bag details so that I can update information accurately when needed.",0.40,2.00,0.00,0.00,0.00,0.00,0.24,0.02,0.00,0.04,2.70,TRUE,,,,,,,,FALSE,,,,,,,,FALSE,,,,,,,,FALSE,2.70,24/06/2025,17/06/2025,02/07/2025,18/06/2025,02/07/2025,,17-2-2025,
Feature,Should,"As an admin, I want to delete bags so that I can remove outdated or irrelevant items from the system.",0.20,1.00,0.00,0.00,0.00,0.00,0.12,0.01,0.00,0.02,1.35,TRUE,,,,,,,,FALSE,,,,,,,,FALSE,,,,,,,,FALSE,1.35,24/06/2025,17/06/2025,03/07/2025,18/06/2025,03/07/2025,,17-2-2025,
Feature,Could,"As an admin, I want to filter bags so that I can quickly locate specific items or groups for review.",0.40,2.00,0.00,0.00,0.00,0.00,0.24,0.02,0.00,0.04,2.70,TRUE,,,,,,,,FALSE,,,,,,,,FALSE,,,,,,,,FALSE,2.70,24/06/2025,17/06/2025,03/07/2025,18/06/2025,03/07/2025,,17-2-2025,
Feature,Must,"As an admin, I want to have an overview of all meals so that I can manage and monitor meal plans comprehensively.",0.60,3.00,0.00,0.00,0.00,0.00,0.36,0.03,0.00,0.06,4.05,TRUE,,,,,,,,FALSE,,,,,,,,FALSE,,,,,,,,FALSE,4.05,24/06/2025,17/06/2025,04/07/2025,18/06/2025,04/07/2025,,17-2-2025,
Feature,Must,"As an admin, I want to add new meals so that I can expand and update the available meal options.",1.60,8.00,0.00,0.00,0.00,0.00,0.96,0.08,0.00,0.16,10.80,TRUE,,,,,,,,FALSE,,,,,,,,FALSE,,,,,,,,FALSE,10.80,25/06/2025,17/06/2025,06/07/2025,18/06/2025,06/07/2025,,17-2-2025,
Feature,Should,"As an admin, I want to edit meal details so that I can update ingredients, recipes, or other relevant information as needed.",0.40,2.00,0.00,0.00,0.00,0.00,0.24,0.02,0.00,0.04,2.70,TRUE,,,,,,,,FALSE,,,,,,,,FALSE,,,,,,,,FALSE,2.70,26/06/2025,17/06/2025,06/07/2025,18/06/2025,06/07/2025,,17-2-2025,
Feature,Could,"As an admin, I want to delete meals so that I can remove obsolete or undesired options from the system.",0.20,1.00,0.00,0.00,0.00,0.00,0.12,0.01,0.00,0.02,1.35,TRUE,,,,,,,,FALSE,,,,,,,,FALSE,,,,,,,,FALSE,1.35,26/06/2025,17/06/2025,07/07/2025,18/06/2025,07/07/2025,,17-2-2025,
Feature,Could,"As an admin, I want to search and filter meals so that I can quickly locate specific meals or categories for efficient management.",0.40,2.00,0.00,0.00,0.00,0.00,0.24,0.02,0.00,0.04,2.70,TRUE,,,,,,,,FALSE,,,,,,,,FALSE,,,,,,,,FALSE,2.70,26/06/2025,17/06/2025,07/07/2025,18/06/2025,07/07/2025,,17-2-2025,
Feature,Must,"As an admin, I want to view an overview of users, including their name, and other details, so that I can quickly understand user profiles and manage them efficiently.",0.40,2.00,0.00,0.00,0.00,0.00,0.24,0.02,0.00,0.04,2.70,TRUE,,,,,,,,FALSE,,,,,,,,FALSE,,,,,,,,FALSE,2.70,26/06/2025,17/06/2025,08/07/2025,18/06/2025,08/07/2025,,17-2-2025,
Feature,Could,"As an admin, I want to edit a user's information and change their role so that I can update their permissions or account details as necessary.",0.20,1.00,0.00,0.00,0.00,0.00,0.12,0.01,0.00,0.02,1.35,TRUE,,,,,,,,FALSE,,,,,,,,FALSE,,,,,,,,FALSE,1.35,26/06/2025,17/06/2025,08/07/2025,18/06/2025,08/07/2025,,17-2-2025,
Feature,Must,"As a user, I want to prepare the page structure",0.80,0.00,4.00,0.60,0.00,0.00,0.48,0.04,0.00,0.08,6.00,TRUE,,,,,,,,FALSE,,,,,,,,FALSE,,,,,,,,FALSE,6.00,26/06/2025,18/06/2025,08/07/2025,20/06/2025,08/07/2025,,17-2-2025,
Feature,Should,"As a user, I want to view a product's header so that I can quickly identify the product.",1.00,4.00,1.00,0.15,0.00,0.00,0.60,0.05,0.00,0.10,6.90,TRUE,,,,,,,,FALSE,,,,,,,,FALSE,,,,,,,,FALSE,6.90,27/06/2025,17/06/2025,09/07/2025,19/06/2025,09/07/2025,,17-2-2025,
Feature,Must,"As a user, I want to see the title, description, and price of a product so that I can understand what it is and how much it costs.",0.20,,1.00,0.15,0.00,0.00,0.12,0.01,0.00,0.02,1.50,TRUE,,,,,,,,FALSE,,,,,,,,FALSE,,,,,,,,FALSE,1.50,27/06/2025,18/06/2025,09/07/2025,19/06/2025,09/07/2025,,17-2-2025,
Feature,Must,"As a user, I want to view the Nutri-score and labels of a product so that I can make informed choices about its nutritional value.",0.20,,1.00,0.15,0.00,0.00,0.12,0.01,0.00,0.02,1.50,TRUE,,,,,,,,FALSE,,,,,,,,FALSE,,,,,,,,FALSE,1.50,27/06/2025,18/06/2025,09/07/2025,19/06/2025,09/07/2025,,17-2-2025,
Feature,Must,"As a user, I want to compare supermarket prices for a product so that I can choose the most affordable option.",0.40,,2.00,0.30,0.00,0.00,0.24,0.02,0.00,0.04,3.00,TRUE,,,,,,,,FALSE,,,,,,,,FALSE,,,,,,,,FALSE,3.00,27/06/2025,18/06/2025,09/07/2025,20/06/2025,09/07/2025,,17-2-2025,
Feature,Must,"As a user, I want to add a product to my cart directly from the price comparison list so that I can shop conveniently.",0.60,,3.00,0.45,0.00,0.00,0.36,0.03,0.00,0.06,4.50,TRUE,,,,,,,,FALSE,,,,,,,,FALSE,,,,,,,,FALSE,4.50,27/06/2025,19/06/2025,09/07/2025,21/06/2025,09/07/2025,,17-2-2025,
Feature,Must,"As a user, I want to access the detailed nutritional information of a product so that I can assess if it meets my dietary needs.",0.80,,4.00,0.60,0.00,0.00,0.48,0.04,0.00,0.08,6.00,TRUE,,,,,,,,FALSE,,,,,,,,FALSE,,,,,,,,FALSE,6.00,27/06/2025,20/06/2025,09/07/2025,22/06/2025,09/07/2025,,17-2-2025,
Feature,Should,"As a user, I want to see a list of similar products so that I can explore alternatives.",0.60,,3.00,0.45,0.00,0.00,0.36,0.03,0.00,0.06,4.50,TRUE,,,,,,,,FALSE,,,,,,,,FALSE,,,,,,,,FALSE,4.50,27/06/2025,20/06/2025,09/07/2025,23/06/2025,09/07/2025,,17-2-2025,
Feature,Should,"As a user, I want to discover meals that include the product so that I can find ideas for using it.",0.80,,4.00,0.60,0.00,0.00,0.48,0.04,0.00,0.08,6.00,TRUE,,,,,,,,FALSE,,,,,,,,FALSE,,,,,,,,FALSE,6.00,27/06/2025,21/06/2025,09/07/2025,25/06/2025,09/07/2025,,17-2-2025,
Feature,Should,"As a user, I want to view the category header and title so that I know which type of products I am browsing.",1.40,5.00,2.00,0.30,0.00,0.00,0.84,0.07,0.00,0.14,9.75,TRUE,,,,,,,,FALSE,,,,,,,,FALSE,,,,,,,,FALSE,9.75,28/06/2025,21/06/2025,10/07/2025,26/06/2025,10/07/2025,,17-2-2025,
Feature,Could,"As a user, I want to see a list of sub-categories so that I can narrow down my search to specific types of products.",2.00,,10.00,1.50,0.00,0.00,1.20,0.10,0.00,0.20,15.00,TRUE,,,,,,,,FALSE,,,,,,,,FALSE,,,,,,,,FALSE,15.00,27/06/2025,23/06/2025,09/07/2025,28/06/2025,09/07/2025,,17-2-2025,
Feature,Could,"As a user, I want to see a list of categories and so that I can narrow down my search to specific types of products.",0.60,,3.00,0.45,0.00,0.00,0.36,0.03,0.00,0.06,4.50,TRUE,,,,,,,,FALSE,,,,,,,,FALSE,,,,,,,,FALSE,4.50,28/06/2025,22/06/2025,10/07/2025,27/06/2025,10/07/2025,,17-2-2025,
Feature,Should,"As a user, I want to view related recipes in a selected category so that I can find cooking inspiration.",0.20,,1.00,0.15,0.00,0.00,0.12,0.01,0.00,0.02,1.50,TRUE,,,,,,,,FALSE,,,,,,,,FALSE,,,,,,,,FALSE,1.50,28/06/2025,22/06/2025,10/07/2025,27/06/2025,10/07/2025,,17-2-2025,
Feature,Must,"As a user, I want to see the products in a selected category with lazy loading so that I can browse efficiently without waiting for all items to load at once.",1.60,3.00,5.00,0.75,0.00,0.00,0.96,0.08,0.00,0.16,11.55,TRUE,,,,,,,,FALSE,,,,,,,,FALSE,,,,,,,,FALSE,11.55,28/06/2025,23/06/2025,11/07/2025,29/06/2025,11/07/2025,,17-2-2025,
Feature,Could,"As a user, I want to filter products based on labels and food types so that I can easily find what suits my preferences or needs.",0.60,,3.00,0.45,0.00,0.00,0.36,0.03,0.00,0.06,4.50,TRUE,,,,,,,,FALSE,,,,,,,,FALSE,,,,,,,,FALSE,4.50,28/06/2025,24/06/2025,11/07/2025,30/06/2025,11/07/2025,,17-2-2025,
Sprint 4 - Feb 9 to Feb 21,,,,,,,,,,,,,,,,,,,,,,,,,,,,,,,,,,,,,,,,,,,,,,,
Feature,Could,"As a user, I want to see a list of similar bags so that I can explore alternatives.",0.90,3.00,1.50,0.23,0.00,0.00,0.54,0.05,0.00,0.09,6.30,TRUE,,,,,,,,FALSE,,,,,,,,FALSE,,,,,,,,FALSE,6.30,#REF!,#REF!,#REF!,#REF!,,,,
,,Bag category and meal category management in admin panel,,,,,,,,,,,,,,,,,,,,,,,,,,,,,,,,,,,,,,,,,,,,,
Feature,Must,"As an admin, I want to create meal category so I can categorize my meals in meaningful groups",1.00,5.00,0.00,0.00,0.00,0.00,0.60,0.05,0.00,0.10,6.75,TRUE,,,,,,,,FALSE,,,,,,,,FALSE,,,,,,,,FALSE,6.75,16/06/2025,16/06/2025,17/06/2025,16/06/2025,17/06/2025,,20-2-2025,
Feature,Must,"As an admin, I want to have an overview of the meal categories so that I can see the meal categories at 1 glance",0.00,,0.00,0.00,0.00,0.00,0.00,0.00,0.00,0.00,0.00,TRUE,,,,,,,,FALSE,,,,,,,,FALSE,,,,,,,,FALSE,0.00,16/06/2025,16/06/2025,17/06/2025,16/06/2025,17/06/2025,,20-2-2025,
Feature,Should,"As an admin, I want to have the ability to delete the meal categories so that I can get rid of the unwanted meal categories",0.00,,0.00,0.00,0.00,0.00,0.00,0.00,0.00,0.00,0.00,TRUE,,,,,,,,FALSE,,,,,,,,FALSE,,,,,,,,FALSE,0.00,16/06/2025,16/06/2025,17/06/2025,16/06/2025,17/06/2025,,20-2-2025,
Feature,Should,"As an admin, I want to have the ability to edit the meal categories so that I can adjust the needed info in meal categories",0.00,,0.00,0.00,0.00,0.00,0.00,0.00,0.00,0.00,0.00,TRUE,,,,,,,,FALSE,,,,,,,,FALSE,,,,,,,,FALSE,0.00,16/06/2025,16/06/2025,17/06/2025,16/06/2025,17/06/2025,,20-2-2025,
Feature,Must,"As an admin, I want to create bag category so I can categorize my bags in meaningful groups",0.00,,0.00,0.00,0.00,0.00,0.00,0.00,0.00,0.00,0.00,TRUE,,,,,,,,FALSE,,,,,,,,FALSE,,,,,,,,FALSE,0.00,16/06/2025,16/06/2025,17/06/2025,16/06/2025,17/06/2025,,20-2-2025,
Feature,Must,"As an admin, I want to have an overview of the bags categories so that I can see the bag categories at 1 glance",0.00,,0.00,0.00,0.00,0.00,0.00,0.00,0.00,0.00,0.00,TRUE,,,,,,,,FALSE,,,,,,,,FALSE,,,,,,,,FALSE,0.00,16/06/2025,16/06/2025,17/06/2025,16/06/2025,17/06/2025,,20-2-2025,
Feature,Should,"As an admin, I want to have the ability to delete the bag categories so that I can get rid of the unwanted bag categories",0.00,,0.00,0.00,0.00,0.00,0.00,0.00,0.00,0.00,0.00,TRUE,,,,,,,,FALSE,,,,,,,,FALSE,,,,,,,,FALSE,0.00,16/06/2025,16/06/2025,17/06/2025,16/06/2025,17/06/2025,,20-2-2025,
Feature,Should,"As an admin, I want to have the ability to edit the bag categories so that I can adjust the needed info in bag categories",0.00,,0.00,0.00,0.00,0.00,0.00,0.00,0.00,0.00,0.00,TRUE,,,,,,,,FALSE,,,,,,,,FALSE,,,,,,,,FALSE,0.00,16/06/2025,16/06/2025,17/06/2025,16/06/2025,17/06/2025,,20-2-2025,
,,Authentication,,,,,,,,,,,,,,,,,,,,,,,,,,,,,,,,,,,,,,,,,,,,,
Feature,Must,"As a user, I want to sign up so that I can create an account and access the platform.",1.20,3.00,3.00,0.45,0.00,0.00,0.72,0.06,0.00,0.12,8.55,TRUE,,,,,,,,FALSE,,,,,,,,FALSE,,,,,,,,FALSE,8.55,16/06/2025,16/06/2025,18/06/2025,17/06/2025,18/06/2025,,20-2-2025,
Feature,Must,"As a user, I want to log in so that I can access my account securely.",1.00,2.00,3.00,0.45,0.00,0.00,0.60,0.05,0.00,0.10,7.20,TRUE,,,,,,,,FALSE,,,,,,,,FALSE,,,,,,,,FALSE,7.20,17/06/2025,17/06/2025,18/06/2025,18/06/2025,18/06/2025,13.00,20-2-2025,
Feature,Must,"As a user, I want to set a password during my first login or reset process so that I can secure my account.",1.60,4.00,4.00,0.60,0.00,0.00,0.96,0.08,0.00,0.16,11.40,TRUE,,,,,,,,FALSE,,,,,,,,FALSE,,,,,,,,FALSE,11.40,17/06/2025,18/06/2025,19/06/2025,19/06/2025,19/06/2025,7.07,20-2-2025,
Chore,Must,"As a user, I want to have my session automatically refreshed so that I don't have to log in repeatedly.",0.00,2.00,2.00,0.00,0.00,0.00,0.48,0.04,0.00,0.08,4.60,TRUE,,,,,,,,FALSE,,,,,,,,FALSE,,,,,,,,FALSE,4.60,17/06/2025,18/06/2025,20/06/2025,20/06/2025,20/06/2025,21.57,20-2-2025,
Feature,Must,"As a user, I want to log out so that I can secure my account after using the platform.",0.40,1.00,1.00,0.15,0.00,0.00,0.24,0.02,0.00,0.04,2.85,TRUE,,,,,,,,FALSE,,,,,,,,FALSE,,,,,,,,FALSE,2.85,#REF!,#REF!,#REF!,#REF!,,25.75,20-2-2025,
February 23 to March 18,,"Epic 3: Discover, Shoping cart and check out pages in user portal, meal and bag categories",,,,,,,,,,,,,,,,,,,,,,,,,,,,,,,,,,,,,,,,,,,,,
Sprint 5 - Feb 23 to March 6,,,,,,,,,,,,,,,,,,,,,,,,,,,,,,,,,,,,,,,,,,,,,98.55,,
,,Meal categories and details in user panel,,,,,,,,,,,,,,,,,,,,,,,,,,,,,,,,,,,,,,,,,,,,,
Feature,Must,"As a user, I want to see the meal categories so that I can find relevent meals easily via navigating within the meal categories",0.70,2.00,1.50,0.23,0.00,0.00,0.42,0.04,0.00,0.07,4.95,TRUE,,,,,,,,FALSE,,,,,,,,FALSE,,,,,,,,FALSE,4.95,18/06/2025,18/06/2025,20/06/2025,20/06/2025,20/06/2025,,,
Feature,Could,"As a user, I want to see the Popular meal recipes block in meal category so that I can see the most intresting recipes ",0.70,2.00,1.50,0.23,0.00,0.00,0.42,0.04,0.00,0.07,4.95,TRUE,,,,,,,,FALSE,,,,,,,,FALSE,,,,,,,,FALSE,4.95,18/06/2025,19/06/2025,21/06/2025,21/06/2025,21/06/2025,,,
Feature,Must,"As a user, I want to see the meal list connected to a meal category so that I can find the recipe that I like",1.20,4.00,2.00,0.30,0.00,0.00,0.72,0.06,0.00,0.12,8.40,TRUE,,,,,,,,FALSE,,,,,,,,FALSE,,,,,,,,FALSE,8.40,18/06/2025,19/06/2025,22/06/2025,21/06/2025,22/06/2025,,,
Feature,Should,"As a user, I want to see the header, title, and total price of a meal so that I can understand what it is and how much it costs.",0.60,1.50,1.50,0.23,0.00,0.00,0.36,0.03,0.00,0.06,4.28,TRUE,,,,,,,,FALSE,,,,,,,,FALSE,,,,,,,,FALSE,4.28,#REF!,#REF!,#REF!,#REF!,,,,
Feature,Must,"As a user, I want to see the meal's recipe as a plain text so that I can learn how to cook it ",0.40,0.50,1.50,0.23,0.00,0.00,0.24,0.02,0.00,0.04,2.93,TRUE,,,,,,,,FALSE,,,,,,,,FALSE,,,,,,,,FALSE,2.93,19/06/2025,19/06/2025,22/06/2025,22/06/2025,22/06/2025,,,
Feature,Should,"As a user, I want to view the Nutri-score of a meal so that I can make informed choices about its nutritional value.",0.90,3.00,1.50,0.23,0.00,0.00,0.54,0.05,0.00,0.09,6.30,TRUE,,,,,,,,FALSE,,,,,,,,FALSE,,,,,,,,FALSE,6.30,19/06/2025,20/06/2025,23/06/2025,22/06/2025,23/06/2025,,,
Feature,Must,"As a user, I want to compare supermarket prices for a meal so that I can choose the most affordable option.",2.00,8.00,2.00,0.30,0.00,0.00,1.20,0.10,0.00,0.20,13.80,TRUE,,,,,,,,FALSE,,,,,,,,FALSE,,,,,,,,FALSE,13.80,20/06/2025,20/06/2025,25/06/2025,23/06/2025,25/06/2025,,,
Feature,Must,"As a user, I want to see the list of the grocery items in the meal and add a product to my cart directly from the price comparison list so that I can shop conveniently.",0.40,,2.00,0.30,0.00,0.00,0.24,0.02,0.00,0.04,3.00,TRUE,,,,,,,,FALSE,,,,,,,,FALSE,,,,,,,,FALSE,3.00,20/06/2025,20/06/2025,25/06/2025,24/06/2025,25/06/2025,,,
,,Bags categories and details in user panel,,,,,,,,,,,,,,,,,,,,,,,,,,,,,,,,,,,,,,,,,,,,,
Feature,Must,"As a user, I want to see the bag categories so that I can find relevent bagls easily via navigating within the bag categories",0.80,2.00,2.00,0.30,0.00,0.00,0.48,0.04,0.00,0.08,5.70,TRUE,,,,,,,,FALSE,,,,,,,,FALSE,,,,,,,,FALSE,5.70,#REF!,#REF!,#REF!,#REF!,,,,
Feature,Could,"As a user, I want to see the Popular bags block in meal category so that I can see the most intresting bags",0.80,2.00,2.00,0.30,0.00,0.00,0.48,0.04,0.00,0.08,5.70,TRUE,,,,,,,,FALSE,,,,,,,,FALSE,,,,,,,,FALSE,5.70,20/06/2025,21/06/2025,25/06/2025,24/06/2025,25/06/2025,,,
Feature,Must,"As a user, I want to see the bag list connected to a bag category so that I can find the bag that I like",1.20,4.00,2.00,0.30,0.00,0.00,0.72,0.06,0.00,0.12,8.40,TRUE,,,,,,,,FALSE,,,,,,,,FALSE,,,,,,,,FALSE,8.40,21/06/2025,21/06/2025,26/06/2025,25/06/2025,26/06/2025,,,
Feature,Should,"As a user, I want to see the header, title, description, and total price of a bag so that I can understand what it is and how much it costs.",0.70,1.50,2.00,0.30,0.00,0.00,0.42,0.04,0.00,0.07,5.03,TRUE,,,,,,,,FALSE,,,,,,,,FALSE,,,,,,,,FALSE,5.03,21/06/2025,22/06/2025,26/06/2025,26/06/2025,26/06/2025,,,
Feature,Should,"As a user, I want to view the Nutri-score of a bag so that I can make informed choices about its nutritional value.",1.00,3.00,2.00,0.30,0.00,0.00,0.60,0.05,0.00,0.10,7.05,TRUE,,,,,,,,FALSE,,,,,,,,FALSE,,,,,,,,FALSE,7.05,21/06/2025,22/06/2025,27/06/2025,27/06/2025,27/06/2025,,,
Feature,Must,"As a user, I want to compare supermarket prices for a bag so that I can choose the most affordable option.",2.00,8.00,2.00,0.30,0.00,0.00,1.20,0.10,0.00,0.20,13.80,TRUE,,,,,,,,FALSE,,,,,,,,FALSE,,,,,,,,FALSE,13.80,#REF!,#REF!,#REF!,#REF!,,,,
Feature,Must,"As a user, I want to see the list of the grocery items in the bag and add a product to my cart directly from the price comparison list so that I can shop conveniently.",0.40,,2.00,0.30,0.00,0.00,0.24,0.02,0.00,0.04,3.00,TRUE,,,,,,,,FALSE,,,,,,,,FALSE,,,,,,,,FALSE,3.00,21/06/2025,22/06/2025,27/06/2025,27/06/2025,27/06/2025,,,
Sprint 6 -  March 9 to March 18,,,,,,,,,,,,,,,,,,,,,,,,,,,,,,,,,,,,,,,,,,,,,120,,
Feature,Must,"As a team member, I want to implement feedback from the previous epic so that the product aligns with stakeholder expectations and enhances user satisfaction.",6.40,16.00,16.00,2.40,0.00,0.00,3.84,0.32,0.00,0.64,45.60,TRUE,,,,,,,,FALSE,,,,,,,,FALSE,,,,,,,,FALSE,45.60,17/06/2025,19/06/2025,20/06/2025,21/06/2025,21/06/2025,,,
,,"Discover, Bags, and Meal pages",,,,,,,,,,,,,,,,,,,,,,,,,,,,,,,,,,,,,,,,,,,,,
Feature,Must,"As a user, I want to view my shopping list so that I can keep track of items to purchase.",2.60,5.00,8.00,1.20,0.00,0.00,1.56,0.13,0.00,0.26,18.75,TRUE,,,,,,,,FALSE,,,,,,,,FALSE,,,,,,,,FALSE,18.75,#REF!,#REF!,#REF!,#REF!,,,,
Feature,Could,"As a user, I want to see a list of similar meals so that I can explore alternatives.",0.90,3.00,1.50,0.23,0.00,0.00,0.54,0.05,0.00,0.09,6.30,TRUE,,,,,,,,FALSE,,,,,,,,FALSE,,,,,,,,FALSE,6.30,20/06/2025,21/06/2025,25/06/2025,24/06/2025,25/06/2025,,,
Feature,Must,"As a user, I want to explore the discover page so that I can browse different products, meals, and bags.",3.20,12.00,4.00,0.60,0.00,0.00,1.92,0.16,0.00,0.32,22.20,TRUE,,,,,,,,FALSE,,,,,,,,FALSE,,,,,,,,FALSE,22.20,#REF!,#REF!,#REF!,#REF!,,,,
Feature,Should,"As a user, I want to be able to switch between tabs in the discover page so that I can filter the data",0.40,,2.00,0.30,0.00,0.00,0.24,0.02,0.00,0.04,3.00,TRUE,,,,,,,,FALSE,,,,,,,,FALSE,,,,,,,,FALSE,3.00,20/06/2025,21/06/2025,25/06/2025,25/06/2025,25/06/2025,,,
Feature,Must,"As an admin, I want to be able to upload vertical rectangle thumbnail to be shown ",1.00,5.00,0.00,0.00,0.00,0.00,0.60,0.05,0.00,0.10,6.75,TRUE,,,,,,,,FALSE,,,,,,,,FALSE,,,,,,,,FALSE,6.75,21/06/2025,21/06/2025,27/06/2025,25/06/2025,27/06/2025,,,
,,Shopping cart and Check out,,,,,,,,,,,,,,,,,,,,,,,,,,,,,,,,,,,,,,,,,,,,,
Feature,Could,"As a user, I want to view the Nutri-Scores and labels for my shopping list so that I can make healthy choices.",0.60,1.00,2.00,0.30,0.00,0.00,0.36,0.03,0.00,0.06,4.35,TRUE,,,,,,,,FALSE,,,,,,,,FALSE,,,,,,,,FALSE,4.35,21/06/2025,22/06/2025,27/06/2025,26/06/2025,27/06/2025,,,
Feature,Could,"As a user, I want to see a nutritional information table for my shopping list so that I can evaluate my diet.",0.60,1.00,2.00,0.30,0.00,0.00,0.36,0.03,0.00,0.06,4.35,TRUE,,,,,,,,FALSE,,,,,,,,TRUE,,,,,,,,FALSE,4.35,21/06/2025,22/06/2025,27/06/2025,26/06/2025,27/06/2025,,,
,,Nutritional values and charactristic of meals and bags,,,,,,,,,,,,,,,,,,,,,,,,,,,,,,,,,,,,,,,,,,,,,
Feature,Must,"As a user, I want to access the detailed nutritional information of a meal so that I can assess if it meets my dietary needs.",1.50,6.00,1.50,0.23,0.00,0.00,0.90,0.08,0.00,0.15,10.35,TRUE,,,,,,,,FALSE,,,,,,,,FALSE,,,,,,,,FALSE,10.35,18/06/2025,18/06/2025,21/06/2025,20/06/2025,21/06/2025,,,
Feature,Should,"As a user, I want know the charactristic of a meal to beware if it is having specific features such as halal, gluten-free, ...",1.90,8.00,1.50,0.23,0.00,0.00,1.14,0.10,0.00,0.19,13.05,TRUE,,,,,,,,FALSE,,,,,,,,FALSE,,,,,,,,FALSE,13.05,19/06/2025,19/06/2025,23/06/2025,21/06/2025,23/06/2025,,,
Feature,Must,"As a user, I want to access the detailed nutritional information of a bag so that I can assess if it meets my dietary needs.",0.90,3.00,1.50,0.23,0.00,0.00,0.54,0.05,0.00,0.09,6.30,TRUE,,,,,,,,FALSE,,,,,,,,FALSE,,,,,,,,FALSE,6.30,20/06/2025,19/06/2025,24/06/2025,21/06/2025,24/06/2025,,,
Feature,Should,"As a user, I want know the charactristic of a bag to beware if it is having specific features such as halal, gluten-free, ...",1.10,4.00,1.50,0.23,0.00,0.00,0.66,0.06,0.00,0.11,7.65,TRUE,,,,,,,,FALSE,,,,,,,,FALSE,,,,,,,,FALSE,7.65,20/06/2025,19/06/2025,25/06/2025,22/06/2025,25/06/2025,,,
April 6 to May 1,,Epic 4: miscellaneous,,,,,,,,,,,,,,,,,,,,,,,,,,,,,,,,,,,,,,,,,,,,,
Sprint 7 - April 6 to April  17,,,,,,,,,,,,,,,,,,,,,,,,,,,,,,,,,,,,,,,,,,,,,103.29,,
,,Feedback on the admin panel,,,,,,,,,,,,,,,,,,,,,,,,,,,,,,,,,,,,,,,,,,,,,
Feedback,Must,Make the market product list selectable via select boxes,0.00,24.00,0.00,0.00,0.00,0.00,2.88,0.24,0.00,0.48,27.60,TRUE,,,,,,,,FALSE,,,,,,,,FALSE,,,,,,,,FALSE,27.60,,,,,30/12/1899,,,
Feedback,Must,"As an admin, I want to create/edit labels directly in bag/meal/product pages",0.00,6.00,0.00,0.00,0.00,0.00,0.72,0.06,0.00,0.12,6.90,TRUE,,,,,,,,FALSE,,,,,,,,FALSE,,,,,,,,FALSE,6.90,,,,,30/12/1899,,,
Feedback,Must,"As an admin, I want to see the categories based on their parent on the category overview page",0.00,8.00,0.00,0.00,0.00,0.00,0.96,0.08,0.00,0.16,9.20,TRUE,,,,,,,,FALSE,,,,,,,,FALSE,,,,,,,,FALSE,9.20,,,,,30/12/1899,,,
Feedback,Must,Nutritional value visibility in meal creation for admins.,0.00,20.00,0.00,0.00,0.00,0.00,2.40,0.20,0.00,0.40,23.00,TRUE,,,,,,,,FALSE,,,,,,,,FALSE,,,,,,,,FALSE,23.00,,,,,30/12/1899,,,
Feedback,Must,The navigation menu should be organized based on hierarchy,0.00,4.00,0.00,0.00,0.00,0.00,0.48,0.04,0.00,0.08,4.60,TRUE,,,,,,,,FALSE,,,,,,,,FALSE,,,,,,,,FALSE,4.60,,,,,30/12/1899,,,
Sprint 8 - April 21 to May 5,,,,,,,,,,,,,,,,,,,,,,,,,,,,,,,,,,,,,,,,,,,,,45,,
Chore,Must,"As a user, I want to redirect my shopping list to the AlbertHeijn web store so that I can complete my purchase.",0.00,0.00,1.00,0.00,0.00,0.00,0.12,0.01,0.00,0.02,1.15,TRUE,,,,,,,,FALSE,,,,,,,,FALSE,,,,,,,,FALSE,1.15,21/06/2025,22/06/2025,27/06/2025,27/06/2025,27/06/2025,,,
Chore,Must,"As a user, I want to redirect my shopping list to the Plus web store so that I can complete my purchase.",0.00,0.00,1.00,0.00,0.00,0.00,0.12,0.01,0.00,0.02,1.15,TRUE,,,,,,,,FALSE,,,,,,,,FALSE,,,,,,,,FALSE,1.15,21/06/2025,22/06/2025,27/06/2025,27/06/2025,27/06/2025,,,
Chore,Must,"As a user, I want to redirect my shopping list to the Jumbo web store so that I can complete my purchase.",0.00,0.00,1.00,0.00,0.00,0.00,0.12,0.01,0.00,0.02,1.15,TRUE,,,,,,,,FALSE,,,,,,,,FALSE,,,,,,,,FALSE,1.15,21/06/2025,23/06/2025,27/06/2025,27/06/2025,27/06/2025,,,
Feature,Must,"As a user, I want to have single market product pages so that I can see see the real data of each market product",5.80,24.00,5.00,0.75,0.00,0.00,3.48,0.29,0.00,0.58,39.90,TRUE,,,,,,,,FALSE,,,,,,,,FALSE,,,,,,,,FALSE,39.90,,,,,30/12/1899,,,
Feature,Must,"As a user, I want to see the application in Dutch",0.80,1.00,3.00,0.45,0.00,0.00,0.48,0.04,0.00,0.08,5.85,TRUE,,,,,,,,FALSE,,,,,,,,FALSE,,,,,,,,FALSE,5.85,,,,,30/12/1899,,,
Feature,Must,"As a user, I want to add meals and bags to my shopping cart and complete the flow of shopping",3.60,16.00,2.00,0.30,0.00,0.00,2.16,0.18,0.00,0.36,24.60,TRUE,,,,,,,,FALSE,,,,,,,,FALSE,,,,,,,,FALSE,24.60,,,,,30/12/1899,,,
Feature,Must,"As a user, I want to be able to delete my account so that if I decide not to continue on the app I can remove my data",1.00,3.00,2.00,0.30,0.00,0.00,0.60,0.05,0.00,0.10,7.05,TRUE,,,,,,,,FALSE,,,,,,,,FALSE,,,,,,,,FALSE,7.05,,,,,30/12/1899,,,
Feature,Must,"As a user/admin, I want to receive emails in neat template with Super Marty's color pallate",1.60,6.00,2.00,0.30,0.00,0.00,0.96,0.08,0.00,0.16,11.10,TRUE,,,,,,,,FALSE,,,,,,,,FALSE,,,,,,,,FALSE,11.10,,,,,30/12/1899,,,
Feature,Must,Adding tags/labels to products,2.20,8.00,3.00,0.45,0.00,0.00,1.32,0.11,0.00,0.22,15.30,TRUE,,,,,,,,FALSE,,,,,,,,FALSE,,,,,,,,FALSE,15.30,,,,,30/12/1899,,,
Feature,Must,"As a user, I want to filter products/ meals, and bags with the labels attached to them",3.40,3.00,14.00,2.10,0.00,0.00,2.04,0.17,0.00,0.34,25.05,TRUE,,,,,,,,FALSE,,,,,,,,FALSE,,,,,,,,FALSE,25.05,,,,,30/12/1899,,,
Feature,Must,"As an admin, I want to be able to skip the markets while creating product groups",0.40,2.00,0.00,0.00,0.00,0.00,0.24,0.02,0.00,0.04,2.70,TRUE,,,,,,,,FALSE,,,,,,,,FALSE,,,,,,,,FALSE,2.70,,,,,30/12/1899,,,
Feature,Must,"As a user, I want to be able to start the check out process for Plus",2.80,6.00,8.00,1.20,0.00,0.00,1.68,0.14,0.00,0.28,20.10,TRUE,,,,,,,,FALSE,,,,,,,,FALSE,,,,,,,,FALSE,20.10,,,,,30/12/1899,,,
Feature,Should,"As an admin, I want to define the order of appearance for product/bag/ meal categories",1.60,3.00,5.00,0.75,0.00,0.00,0.96,0.08,0.00,0.16,11.55,TRUE,,,,,,,,FALSE,,,,,,,,FALSE,,,,,,,,FALSE,11.55,,,,,30/12/1899,,,
Feature,Could,"As a user, I want to have a profile page, in which I can manage my account details",2.00,6.00,4.00,0.60,0.00,0.00,1.20,0.10,0.00,0.20,14.10,TRUE,,,,,,,,FALSE,,,,,,,,FALSE,,,,,,,,FALSE,14.10,,,,,30/12/1899,,,
Feature,Could,"Filters for product overview in the admin panel
",1.00,5.00,0.00,0.00,0.00,0.00,0.60,0.05,0.00,0.10,6.75,FALSE,,,,,,,,FALSE,,,,,,,,FALSE,,,,,,,,FALSE,6.75,,,,,30/12/1899,,,
Feature,Could,"Separating minerals from fat, and energy, etc ",0.60,0.00,3.00,0.45,0.00,0.00,0.36,0.03,0.00,0.06,4.50,FALSE,,,,,,,,FALSE,,,,,,,,FALSE,,,,,,,,FALSE,4.50,,,,,30/12/1899,,,
,,Miscellaneous,,,,,,,,,,,,,,,,,,,,,,,,,,,,,,,,,,,,,,,,,,,,,
Feature,Should,"As a user, I want to provide information about my intolerances so that the platform can personalize my experience.",0.60,,3.00,0.45,0.00,0.00,0.36,0.03,0.00,0.06,4.50,TRUE,,,,,,,,FALSE,,,,,,,,FALSE,,,,,,,,FALSE,4.50,16/06/2025,17/06/2025,18/06/2025,18/06/2025,18/06/2025,,,
Feature,Should,"As a user, I want to have a search bar so that I can find the products that I am looking for",0.00,,,0.00,0.00,0.00,0.00,0.00,0.00,0.00,0.00,TRUE,,,,,,,,FALSE,,,,,,,,FALSE,,,,,,,,FALSE,0.00,16/06/2025,17/06/2025,18/06/2025,18/06/2025,18/06/2025,,,
Chore,Must,"As a user, I want to see the application in Dutch",0.00,,,0.00,0.00,0.00,0.00,0.00,0.00,0.00,0.00,TRUE,,,,,,,,FALSE,,,,,,,,FALSE,,,,,,,,FALSE,0.00,16/06/2025,17/06/2025,18/06/2025,18/06/2025,18/06/2025,,,
Feature,Must,"As a user, I want to create a custom bag so that I can personalize my shopping experience with my preferred items.",0.00,,,0.00,0.00,0.00,0.00,0.00,0.00,0.00,0.00,TRUE,,,,,,,,FALSE,,,,,,,,FALSE,,,,,,,,FALSE,0.00,16/06/2025,17/06/2025,18/06/2025,18/06/2025,18/06/2025,,,
Feature,Should,"As a user, I want to share my bag with others so that they can see and collaborate on my selected items.",0.00,,,0.00,0.00,0.00,0.00,0.00,0.00,0.00,0.00,TRUE,,,,,,,,FALSE,,,,,,,,FALSE,,,,,,,,FALSE,0.00,16/06/2025,17/06/2025,18/06/2025,18/06/2025,18/06/2025,,,
Feature,Must,"As a user, I want to filter products based on the market so that I can see only the items available in my preferred store.
",0.00,,,0.00,0.00,0.00,0.00,0.00,0.00,0.00,0.00,TRUE,,,,,,,,FALSE,,,,,,,,FALSE,,,,,,,,FALSE,0.00,16/06/2025,17/06/2025,18/06/2025,18/06/2025,18/06/2025,,,
Feature,Should,"As a user, I want to receive personalized suggestions so that I can quickly find relevant products based on my preferences and shopping history.",0.00,,,0.00,0.00,0.00,0.00,0.00,0.00,0.00,0.00,TRUE,,,,,,,,FALSE,,,,,,,,FALSE,,,,,,,,FALSE,0.00,16/06/2025,17/06/2025,18/06/2025,18/06/2025,18/06/2025,,,
Feature,Must,"As a user, I want to add items to my favorites so that I can easily access and purchase them later.",0.00,,,0.00,0.00,0.00,0.00,0.00,0.00,0.00,0.00,TRUE,,,,,,,,FALSE,,,,,,,,FALSE,,,,,,,,FALSE,0.00,16/06/2025,17/06/2025,18/06/2025,18/06/2025,18/06/2025,,,
Feature,Must,"As a user, I want to save my custom bags so that I can reuse them for future shopping sessions.",0.00,,,0.00,0.00,0.00,0.00,0.00,0.00,0.00,0.00,TRUE,,,,,,,,FALSE,,,,,,,,FALSE,,,,,,,,FALSE,0.00,16/06/2025,17/06/2025,18/06/2025,18/06/2025,18/06/2025,,,
Feature,Should,"As a user, I want to share a bag or meal in other apps and social media so that I can recommend products to friends and family.",0.00,,,0.00,0.00,0.00,0.00,0.00,0.00,0.00,0.00,TRUE,,,,,,,,FALSE,,,,,,,,FALSE,,,,,,,,FALSE,0.00,16/06/2025,17/06/2025,18/06/2025,18/06/2025,18/06/2025,,,
Feature,Should,"As a user, I want to set minimum and maximum price ranges so that I can find products that fit within my budget.",0.00,,,0.00,0.00,0.00,0.00,0.00,0.00,0.00,0.00,TRUE,,,,,,,,FALSE,,,,,,,,FALSE,,,,,,,,FALSE,0.00,16/06/2025,17/06/2025,18/06/2025,18/06/2025,18/06/2025,,,
Feature,Must,"As a user, I want to find the nearest market so that I can shop conveniently and reduce travel time.",0.00,,,0.00,0.00,0.00,0.00,0.00,0.00,0.00,0.00,TRUE,,,,,,,,FALSE,,,,,,,,FALSE,,,,,,,,FALSE,0.00,16/06/2025,17/06/2025,18/06/2025,18/06/2025,18/06/2025,,,
Feature,Should,"As a user, I want to like, dislike, or rate bags/meals so that I can improve recommendations and help other users make better choices.
",0.00,,,0.00,0.00,0.00,0.00,0.00,0.00,0.00,0.00,TRUE,,,,,,,,FALSE,,,,,,,,FALSE,,,,,,,,FALSE,0.00,16/06/2025,17/06/2025,18/06/2025,18/06/2025,18/06/2025,,,
Feature,Could,"As a user, I want to filter products based on various criteria such as so that I can quickly find what I am looking for.",0.00,,,0.00,0.00,0.00,0.00,0.00,0.00,0.00,0.00,TRUE,,,,,,,,FALSE,,,,,,,,FALSE,,,,,,,,FALSE,0.00,16/06/2025,17/06/2025,18/06/2025,18/06/2025,18/06/2025,,,
Feedback,Must,"As an admin, I want a section where I can create and manage non-food product packages, so that I can organize and sell non-food items separately from food-related products.",0.00,,,0.00,0.00,0.00,0.00,0.00,0.00,0.00,0.00,TRUE,,,,,,,,FALSE,,,,,,,,FALSE,,,,,,,,FALSE,0.00,20/06/2025,19/06/2025,25/06/2025,22/06/2025,25/06/2025,,,
Feedback,Must,"As an admin, I want to input data for creating bags, including the number of days, number of people, and meal types, so that I can generate meal bags with the appropriate quantities for customers.",0.00,,,0.00,0.00,0.00,0.00,0.00,0.00,0.00,0.00,TRUE,,,,,,,,FALSE,,,,,,,,FALSE,,,,,,,,FALSE,0.00,20/06/2025,19/06/2025,25/06/2025,22/06/2025,25/06/2025,,,
,,Release of the Platform,,,,,,,,,,,,,,,,,,,,,,,,,,,,,,,,,,,,,,,,,,,,,
Chore,,Setup and configure live server,0.00,12.00,12.00,0.00,0.00,0.00,2.88,0.24,0.00,0.48,27.60,TRUE,,,0.72,0.48,0.24,,27.84,TRUE,,,0.96,0.72,0.48,,28.56,TRUE,,,1.20,0.96,0.72,,29.28,TRUE,27.60,22/06/2025,22/06/2025,28/06/2025,26/06/2025,28/06/2025,0.00,,
Chore,,Setup application,0.00,32.00,0.00,0.00,0.00,0.00,3.84,0.32,0.00,0.64,36.80,TRUE,,,0.96,0.64,0.32,,37.12,TRUE,,,1.28,0.96,0.64,,38.08,TRUE,,,1.60,1.28,0.96,,39.04,TRUE,36.80,26/06/2025,22/06/2025,06/07/2025,26/06/2025,06/07/2025,0.00,,
Chore,,Insert the base data ,0.00,12.00,0.00,0.00,0.00,0.00,1.44,0.12,0.00,0.24,13.80,TRUE,,,0.36,0.24,0.12,,13.92,TRUE,,,0.48,0.36,0.24,,14.28,TRUE,,,0.60,0.48,0.36,,14.64,TRUE,13.80,27/06/2025,22/06/2025,09/07/2025,26/06/2025,09/07/2025,0.00,,
Chore,,configure the monitoring and backup ,0.00,12.00,0.00,0.00,0.00,0.00,1.44,0.12,0.00,0.24,13.80,TRUE,,,0.36,0.24,0.12,,13.92,TRUE,,,0.48,0.36,0.24,,14.28,TRUE,,,0.60,0.48,0.36,,14.64,TRUE,13.80,29/06/2025,22/06/2025,12/07/2025,26/06/2025,12/07/2025,0.00,,
,"Must 58%
Should 26%
Could 16%",Total estimated time + risk margin of 15%,140.76,774.53,284.63,40.68,0.00,0.00,126.96,10.58,0.00,21.16,"1,398.66",0.00,0.46,0.92,7.14,2.12,1.06,5.84,279.39,0.00,0.00,0.00,10.26,2.76,1.84,9.87,306.82,0.00,0.00,0.00,12.82,3.68,2.76,13.16,314.51,0.00,"1,398.66",#REF!,#REF!,#REF!,#REF!,,1333.97,,
,,Total remaining time ,72.68,377.78,169.63,30.68,0.00,0.00,65.55,5.46,0.00,10.93,732.23,0.00,0.46,0.92,3.24,2.12,1.06,0.64,127.35,0.00,0.00,0.00,5.47,2.76,1.84,2.69,163.30,0.00,0.00,0.00,6.84,3.68,2.76,3.59,167.41,0.00,732.23,,,,,,,,
,,,,,,,,,,,,,,FALSE,,,,,,,,FALSE,,,,,,,,FALSE,,,,,,,,FALSE,,,,,,,,,
,,,,,,,,,,,,,,FALSE,,,,,,,,FALSE,,,,,,,,FALSE,,,,,,,,FALSE,,,,,,,,,
,,,,,,,,,,,,,,FALSE,,,,,,,,FALSE,,,,,,,,FALSE,,,,,,,,FALSE,,,,,,,,,
,,,,,,,,,,,,,,FALSE,,,,,,,,FALSE,,,,,,,,FALSE,,,,,,,,FALSE,,,,,,,,,
,,,,,,,,,,,,,,FALSE,,,,,,,,FALSE,,,,,,,,FALSE,,,,,,,,FALSE,,,,,,,,,
,,,,,,,,,,,,,,FALSE,,,,,,,,FALSE,,,,,,,,FALSE,,,,,,,,FALSE,,,,,,,,,
,,,,,,,,,,,,,,FALSE,,,,,,,,FALSE,,,,,,,,FALSE,,,,,,,,FALSE,,,,,,,,,
,,,,,,,,,,,,,,FALSE,,,,,,,,FALSE,,,,,,,,FALSE,,,,,,,,FALSE,,,,,,,,,
,,,,,,,,,,,,,,FALSE,,,,,,,,FALSE,,,,,,,,FALSE,,,,,,,,FALSE,,,,,,,,,
,,,,,,,,,,,,,,FALSE,,,,,,,,FALSE,,,,,,,,FALSE,,,,,,,,FALSE,,,,,,,,,
,,,,,,,,,,,,,,FALSE,,,,,,,,FALSE,,,,,,,,FALSE,,,,,,,,FALSE,,,,,,,,,
,,,,,,,,,,,,,,FALSE,,,,,,,,FALSE,,,,,,,,FALSE,,,,,,,,FALSE,,,,,,,,,
,,,,,,,,,,,,,,FALSE,,,,,,,,FALSE,,,,,,,,FALSE,,,,,,,,FALSE,,,,,,,,,
,,,,,,,,,,,,,,FALSE,,,,,,,,FALSE,,,,,,,,FALSE,,,,,,,,FALSE,,,,,,,,,
,,,,,,,,,,,,,,FALSE,,,,,,,,FALSE,,,,,,,,FALSE,,,,,,,,FALSE,,,,,,,,,
,,,,,,,,,,,,,,FALSE,,,,,,,,FALSE,,,,,,,,FALSE,,,,,,,,FALSE,,,,,,,,,
,,,,,,,,,,,,,,FALSE,,,,,,,,FALSE,,,,,,,,FALSE,,,,,,,,FALSE,,,,,,,,,
,,,,,,,,,,,,,,FALSE,,,,,,,,FALSE,,,,,,,,FALSE,,,,,,,,FALSE,,,,,,,,,
,,,,,,,,,,,,,,FALSE,,,,,,,,FALSE,,,,,,,,FALSE,,,,,,,,FALSE,,,,,,,,,
,,,,,,,,,,,,,,FALSE,,,,,,,,FALSE,,,,,,,,FALSE,,,,,,,,FALSE,,,,,,,,,
,,,,,,,,,,,,,,FALSE,,,,,,,,FALSE,,,,,,,,FALSE,,,,,,,,FALSE,,,,,,,,,
,,,,,,,,,,,,,,FALSE,,,,,,,,FALSE,,,,,,,,FALSE,,,,,,,,FALSE,,,,,,,,,
,,,,,,,,,,,,,,FALSE,,,,,,,,FALSE,,,,,,,,FALSE,,,,,,,,FALSE,,,,,,,,,
,,,,,,,,,,,,,,FALSE,,,,,,,,FALSE,,,,,,,,FALSE,,,,,,,,FALSE,,,,,,,,,
,,,,,,,,,,,,,,FALSE,,,,,,,,FALSE,,,,,,,,FALSE,,,,,,,,FALSE,,,,,,,,,
,,,,,,,,,,,,,,FALSE,,,,,,,,FALSE,,,,,,,,FALSE,,,,,,,,FALSE,,,,,,,,,
,,,,,,,,,,,,,,FALSE,,,,,,,,FALSE,,,,,,,,FALSE,,,,,,,,FALSE,,,,,,,,,
,,,,,,,,,,,,,,FALSE,,,,,,,,FALSE,,,,,,,,FALSE,,,,,,,,FALSE,,,,,,,,,
,,,,,,,,,,,,,,FALSE,,,,,,,,FALSE,,,,,,,,FALSE,,,,,,,,FALSE,,,,,,,,,
,,,,,,,,,,,,,,FALSE,,,,,,,,FALSE,,,,,,,,FALSE,,,,,,,,FALSE,,,,,,,,,
,,,,,,,,,,,,,,FALSE,,,,,,,,FALSE,,,,,,,,FALSE,,,,,,,,FALSE,,,,,,,,,
,,,,,,,,,,,,,,FALSE,,,,,,,,FALSE,,,,,,,,FALSE,,,,,,,,FALSE,,,,,,,,,
,,,,,,,,,,,,,,FALSE,,,,,,,,FALSE,,,,,,,,FALSE,,,,,,,,FALSE,,,,,,,,,
,,,,,,,,,,,,,,FALSE,,,,,,,,FALSE,,,,,,,,FALSE,,,,,,,,FALSE,,,,,,,,,
,,,,,,,,,,,,,,FALSE,,,,,,,,FALSE,,,,,,,,FALSE,,,,,,,,FALSE,,,,,,,,,
,,,,,,,,,,,,,,FALSE,,,,,,,,FALSE,,,,,,,,FALSE,,,,,,,,FALSE,,,,,,,,,
,,,,,,,,,,,,,,FALSE,,,,,,,,FALSE,,,,,,,,FALSE,,,,,,,,FALSE,,,,,,,,,
,,,,,,,,,,,,,,FALSE,,,,,,,,FALSE,,,,,,,,FALSE,,,,,,,,FALSE,,,,,,,,,
,,,,,,,,,,,,,,FALSE,,,,,,,,FALSE,,,,,,,,FALSE,,,,,,,,FALSE,,,,,,,,,
,,,,,,,,,,,,,,FALSE,,,,,,,,FALSE,,,,,,,,FALSE,,,,,,,,FALSE,,,,,,,,,
,,,,,,,,,,,,,,FALSE,,,,,,,,FALSE,,,,,,,,FALSE,,,,,,,,FALSE,,,,,,,,,
,,,,,,,,,,,,,,FALSE,,,,,,,,FALSE,,,,,,,,FALSE,,,,,,,,FALSE,,,,,,,,,
,,,,,,,,,,,,,,FALSE,,,,,,,,FALSE,,,,,,,,FALSE,,,,,,,,FALSE,,,,,,,,,
,,,,,,,,,,,,,,FALSE,,,,,,,,FALSE,,,,,,,,FALSE,,,,,,,,FALSE,,,,,,,,,
,,,,,,,,,,,,,,FALSE,,,,,,,,FALSE,,,,,,,,FALSE,,,,,,,,FALSE,,,,,,,,,
,,,,,,,,,,,,,,FALSE,,,,,,,,FALSE,,,,,,,,FALSE,,,,,,,,FALSE,,,,,,,,,
,,,,,,,,,,,,,,FALSE,,,,,,,,FALSE,,,,,,,,FALSE,,,,,,,,FALSE,,,,,,,,,
,,,,,,,,,,,,,,FALSE,,,,,,,,FALSE,,,,,,,,FALSE,,,,,,,,FALSE,,,,,,,,,
,,,,,,,,,,,,,,FALSE,,,,,,,,FALSE,,,,,,,,FALSE,,,,,,,,FALSE,,,,,,,,,
,,,,,,,,,,,,,,FALSE,,,,,,,,FALSE,,,,,,,,FALSE,,,,,,,,FALSE,,,,,,,,,
,,,,,,,,,,,,,,FALSE,,,,,,,,FALSE,,,,,,,,FALSE,,,,,,,,FALSE,,,,,,,,,
,,,,,,,,,,,,,,FALSE,,,,,,,,FALSE,,,,,,,,FALSE,,,,,,,,FALSE,,,,,,,,,
,,,,,,,,,,,,,,FALSE,,,,,,,,FALSE,,,,,,,,FALSE,,,,,,,,FALSE,,,,,,,,,
,,,,,,,,,,,,,,FALSE,,,,,,,,FALSE,,,,,,,,FALSE,,,,,,,,FALSE,,,,,,,,,
,,,,,,,,,,,,,,FALSE,,,,,,,,FALSE,,,,,,,,FALSE,,,,,,,,FALSE,,,,,,,,,
,,,,,,,,,,,,,,FALSE,,,,,,,,FALSE,,,,,,,,FALSE,,,,,,,,FALSE,,,,,,,,,
,,,,,,,,,,,,,,FALSE,,,,,,,,FALSE,,,,,,,,FALSE,,,,,,,,FALSE,,,,,,,,,
,,,,,,,,,,,,,,FALSE,,,,,,,,FALSE,,,,,,,,FALSE,,,,,,,,FALSE,,,,,,,,,
,,,,,,,,,,,,,,FALSE,,,,,,,,FALSE,,,,,,,,FALSE,,,,,,,,FALSE,,,,,,,,,
,,,,,,,,,,,,,,FALSE,,,,,,,,FALSE,,,,,,,,FALSE,,,,,,,,FALSE,,,,,,,,,
,,,,,,,,,,,,,,FALSE,,,,,,,,FALSE,,,,,,,,FALSE,,,,,,,,FALSE,,,,,,,,,
,,,,,,,,,,,,,,FALSE,,,,,,,,FALSE,,,,,,,,FALSE,,,,,,,,FALSE,,,,,,,,,
,,,,,,,,,,,,,,FALSE,,,,,,,,FALSE,,,,,,,,FALSE,,,,,,,,FALSE,,,,,,,,,
,,,,,,,,,,,,,,FALSE,,,,,,,,FALSE,,,,,,,,FALSE,,,,,,,,FALSE,,,,,,,,,
,,,,,,,,,,,,,,FALSE,,,,,,,,FALSE,,,,,,,,FALSE,,,,,,,,FALSE,,,,,,,,,
,,,,,,,,,,,,,,FALSE,,,,,,,,FALSE,,,,,,,,FALSE,,,,,,,,FALSE,,,,,,,,,